{"stat.pickup.testmod.rune_essence":45,"stat.flyOneCm":12508,"stat.useItem.testmod.rune_essence_block":20,"stat.walkOneCm":20397,"stat.drop":6,"stat.pickup.testmod.earth_rune":2,"stat.jump":4,"stat.playOneMinute":5859,"stat.pickup.testmod.death_rune":2,"stat.leaveGame":1,"stat.sneakTime":125,"stat.drop.testmod.rune_essence":5,"stat.drop.testmod.death_rune":1,"stat.useItem.minecraft.diamond_pickaxe":20,"stat.crouchOneCm":16,"stat.timeSinceDeath":5859,"stat.mineBlock.testmod.rune_essence_block":20,"stat.sprintOneCm":234,"stat.useItem.minecraft.stone_slab2":177}