{"stat.drop.testmod.air_rune":1,"stat.flyOneCm":6635,"stat.walkOneCm":34811,"stat.drop":2,"stat.pickup.testmod.air_rune":1,"stat.jump":16,"stat.drop.testmod.body_rune":1,"stat.playOneMinute":13938,"stat.leaveGame":1,"stat.sneakTime":152,"stat.pickup.minecraft.stone":1,"stat.damageDealt":1000,"stat.useItem.minecraft.diamond_axe":10,"stat.pickup.minecraft.gunpowder":3,"stat.crouchOneCm":378,"stat.timeSinceDeath":13938,"stat.sprintOneCm":1163,"stat.mobKills":5,"stat.useItem.minecraft.stone_slab2":1,"stat.pickup.testmod.body_rune":1,"stat.pickup.minecraft.apple":1,"stat.killEntity.Creeper":5,"stat.craftingTableInteraction":1}